qseqid	sseqid	pident	length	mismatch	gapopen	qstart	qend	sstart	send	evalue	bitscore	qcovs	salltitles
contig_3_324	M.UbaC1152DamP	100.000	278	0	0	1	278	1	278	0.0	580	100	M.UbaC1152DamP   GATC  278 aa
contig_3_324	M.SspS13DamP	100.000	278	0	0	1	278	1	278	0.0	580	100	M.SspS13DamP   GATC  278 aa
contig_3_324	M.Ssp28760DamP	100.000	278	0	0	1	278	1	278	0.0	580	100	M.Ssp28760DamP   GATC  278 aa
contig_3_324	M.SsoSE61DamP	100.000	278	0	0	1	278	1	278	0.0	580	100	M.SsoSE61DamP   GATC  278 aa
contig_3_324	M.Spn7978DamP	100.000	278	0	0	1	278	1	278	0.0	580	100	M.Spn7978DamP   GATC  278 aa
contig_3_324	M.SflWW1DamP	100.000	278	0	0	1	278	1	278	0.0	580	100	M.SflWW1DamP   GATC  278 aa
contig_3_324	M.SflSTLE4DamP	100.000	278	0	0	1	278	1	278	0.0	580	100	M.SflSTLE4DamP   GATC  278 aa
contig_3_324	M.SflN116DamP	100.000	278	0	0	1	278	1	278	0.0	580	100	M.SflN116DamP   GATC  278 aa
contig_3_324	M.SflN110DamP	100.000	278	0	0	1	278	1	278	0.0	580	100	M.SflN110DamP   GATC  278 aa
contig_3_324	M.SflN107DamP	100.000	278	0	0	1	278	1	278	0.0	580	100	M.SflN107DamP   GATC  278 aa
contig_3_324	M.SflN104DamP	100.000	278	0	0	1	278	1	278	0.0	580	100	M.SflN104DamP   GATC  278 aa
contig_3_324	M.SflN101DamP	100.000	278	0	0	1	278	1	278	0.0	580	100	M.SflN101DamP   GATC  278 aa
contig_3_324	M.SflN97DamP	100.000	278	0	0	1	278	1	278	0.0	580	100	M.SflN97DamP   GATC  278 aa
contig_3_324	M.SflN92DamP	100.000	278	0	0	1	278	1	278	0.0	580	100	M.SflN92DamP   GATC  278 aa
contig_3_324	M.SflLIN6DamP	100.000	278	0	0	1	278	1	278	0.0	580	100	M.SflLIN6DamP   GATC  278 aa
contig_3_324	M.SflFF87DamP	100.000	278	0	0	1	278	1	278	0.0	580	100	M.SflFF87DamP   GATC  278 aa
contig_3_324	M.SflFF80DamP	100.000	278	0	0	1	278	1	278	0.0	580	100	M.SflFF80DamP   GATC  278 aa
contig_3_324	M.SflFF71DamP	100.000	278	0	0	1	278	1	278	0.0	580	100	M.SflFF71DamP   GATC  278 aa
contig_3_324	M.SflFF64DamP	100.000	278	0	0	1	278	1	278	0.0	580	100	M.SflFF64DamP   GATC  278 aa
contig_3_324	M.SflFF60DamP	100.000	278	0	0	1	278	1	278	0.0	580	100	M.SflFF60DamP   GATC  278 aa
contig_3_324	M.SflFF38DamP	100.000	278	0	0	1	278	1	278	0.0	580	100	M.SflFF38DamP   GATC  278 aa
contig_3_324	M.SflFF35DamP	100.000	278	0	0	1	278	1	278	0.0	580	100	M.SflFF35DamP   GATC  278 aa
contig_3_324	M.SflFF34DamP	100.000	278	0	0	1	278	1	278	0.0	580	100	M.SflFF34DamP   GATC  278 aa
contig_3_324	M.SflFF27DamP	100.000	278	0	0	1	278	1	278	0.0	580	100	M.SflFF27DamP   GATC  278 aa
contig_3_324	M.SflFF24DamP	100.000	278	0	0	1	278	1	278	0.0	580	100	M.SflFF24DamP   GATC  278 aa
contig_3_324	M.SflFF22DamP	100.000	278	0	0	1	278	1	278	0.0	580	100	M.SflFF22DamP   GATC  278 aa
contig_3_324	M.SflFF18DamP	100.000	278	0	0	1	278	1	278	0.0	580	100	M.SflFF18DamP   GATC  278 aa
contig_3_324	M.SflFF17DamP	100.000	278	0	0	1	278	1	278	0.0	580	100	M.SflFF17DamP   GATC  278 aa
contig_3_324	M.SflFF16DamP	100.000	278	0	0	1	278	1	278	0.0	580	100	M.SflFF16DamP   GATC  278 aa
contig_3_324	M.SflFF12DamP	100.000	278	0	0	1	278	1	278	0.0	580	100	M.SflFF12DamP   GATC  278 aa
contig_3_324	M.SflFF3DamP	100.000	278	0	0	1	278	1	278	0.0	580	100	M.SflFF3DamP   GATC  278 aa
contig_3_324	M.Sfl89141Dam	100.000	278	0	0	1	278	1	278	0.0	580	100	M.Sfl89141Dam   GATC  278 aa
contig_3_324	M.Sfl5500DamP	100.000	278	0	0	1	278	1	278	0.0	580	100	M.Sfl5500DamP   GATC  278 aa
contig_3_324	M.Sfl714DamP	100.000	278	0	0	1	278	1	278	0.0	580	100	M.Sfl714DamP   GATC  278 aa
contig_3_324	M.Sfl60DamP	100.000	278	0	0	1	278	1	278	0.0	580	100	M.Sfl60DamP   GATC  278 aa
contig_3_324	M.Sfl59DamP	100.000	278	0	0	1	278	1	278	0.0	580	100	M.Sfl59DamP   GATC  278 aa
contig_3_324	M.SenHNK130DamP	100.000	278	0	0	1	278	1	278	0.0	580	100	M.SenHNK130DamP   GATC  278 aa
contig_3_324	M.SdyFF51DamP	100.000	278	0	0	1	278	1	278	0.0	580	100	M.SdyFF51DamP   GATC  278 aa
contig_3_324	M.SdyFF49DamP	100.000	278	0	0	1	278	1	278	0.0	580	100	M.SdyFF49DamP   GATC  278 aa
contig_3_324	M.SdyFF10DamP	100.000	278	0	0	1	278	1	278	0.0	580	100	M.SdyFF10DamP   GATC  278 aa
contig_3_324	M.SboSH135DamP	100.000	278	0	0	1	278	1	278	0.0	580	100	M.SboSH135DamP   GATC  278 aa
contig_3_324	M.SboSH129DamP	100.000	278	0	0	1	278	1	278	0.0	580	100	M.SboSH129DamP   GATC  278 aa
contig_3_324	M.Sbo602068DamP	100.000	278	0	0	1	278	1	278	0.0	580	100	M.Sbo602068DamP   GATC  278 aa
contig_3_324	M.Sbo600657DamP	100.000	278	0	0	1	278	1	278	0.0	580	100	M.Sbo600657DamP   GATC  278 aa
contig_3_324	M.Sbo83578DamP	100.000	278	0	0	1	278	1	278	0.0	580	100	M.Sbo83578DamP   GATC  278 aa
contig_3_324	M.Sbo59248DamP	100.000	278	0	0	1	278	1	278	0.0	580	100	M.Sbo59248DamP   GATC  278 aa
contig_3_324	M.Sbo41690DamP	100.000	278	0	0	1	278	1	278	0.0	580	100	M.Sbo41690DamP   GATC  278 aa
contig_3_324	M.Sbo35966DamP	100.000	278	0	0	1	278	1	278	0.0	580	100	M.Sbo35966DamP   GATC  278 aa
contig_3_324	M.Sbo12985Dam	100.000	278	0	0	1	278	1	278	0.0	580	100	M.Sbo12985Dam   GATC  278 aa
contig_3_324	M.Sbo9850DamP	100.000	278	0	0	1	278	1	278	0.0	580	100	M.Sbo9850DamP   GATC  278 aa
contig_3_324	M.Sbo9353DamP	100.000	278	0	0	1	278	1	278	0.0	580	100	M.Sbo9353DamP   GATC  278 aa
contig_3_324	M.Sbo9210DamP	100.000	278	0	0	1	278	1	278	0.0	580	100	M.Sbo9210DamP   GATC  278 aa
contig_3_324	M.Sbo8576DamP	100.000	278	0	0	1	278	1	278	0.0	580	100	M.Sbo8576DamP   GATC  278 aa
contig_3_324	M.Sbo4882DamP	100.000	278	0	0	1	278	1	278	0.0	580	100	M.Sbo4882DamP   GATC  278 aa
contig_3_324	M.Sbo4879DamP	100.000	278	0	0	1	278	1	278	0.0	580	100	M.Sbo4879DamP   GATC  278 aa
contig_3_324	M.Sbo4869DamP	100.000	278	0	0	1	278	1	278	0.0	580	100	M.Sbo4869DamP   GATC  278 aa
contig_3_324	M.Sbo1247DamP	100.000	278	0	0	1	278	1	278	0.0	580	100	M.Sbo1247DamP   GATC  278 aa
contig_3_324	M.Sbo1139DamP	100.000	278	0	0	1	278	1	278	0.0	580	100	M.Sbo1139DamP   GATC  278 aa
contig_3_324	M.Sbo227DamP	100.000	278	0	0	1	278	1	278	0.0	580	100	M.Sbo227DamP   GATC  278 aa
contig_3_324	M.SboBSDamP	100.000	278	0	0	1	278	1	278	0.0	580	100	M.SboBSDamP   GATC  278 aa
contig_3_324	M.Msa17DamP	100.000	278	0	0	1	278	1	278	0.0	580	100	M.Msa17DamP   GATC  278 aa
contig_3_324	M.EsptetX4DamP	100.000	278	0	0	1	278	1	278	0.0	580	100	M.EsptetX4DamP   GATC  278 aa
contig_3_324	M.Esp17TGCDamP	100.000	278	0	0	1	278	1	278	0.0	580	100	M.Esp17TGCDamP   GATC  278 aa
contig_3_324	M.EspP079DamP	100.000	278	0	0	1	278	1	278	0.0	580	100	M.EspP079DamP   GATC  278 aa
contig_3_324	M.EspP049DamP	100.000	278	0	0	1	278	1	278	0.0	580	100	M.EspP049DamP   GATC  278 aa
contig_3_324	M.Esp10290DamP	100.000	278	0	0	1	278	1	278	0.0	580	100	M.Esp10290DamP   GATC  278 aa
contig_3_324	M.Esp911ADamP	100.000	278	0	0	1	278	1	278	0.0	580	100	M.Esp911ADamP   GATC  278 aa
contig_3_324	M.Eco46zsDamP	100.000	278	0	0	1	278	1	278	0.0	580	100	M.Eco46zsDamP   GATC  278 aa
contig_3_324	M.Ecoww7DamP	100.000	278	0	0	1	278	1	278	0.0	580	100	M.Ecoww7DamP   GATC  278 aa
contig_3_324	M.Ecows53DamP	100.000	278	0	0	1	278	1	278	0.0	580	100	M.Ecows53DamP   GATC  278 aa
contig_3_324	M.Ecow264DamP	100.000	278	0	0	1	278	1	278	0.0	580	100	M.Ecow264DamP   GATC  278 aa
contig_3_324	M.EcotolCDamP	100.000	278	0	0	1	278	1	278	0.0	580	100	M.EcotolCDamP   GATC  278 aa
contig_3_324	M.EcotcmA3DamP	100.000	278	0	0	1	278	1	278	0.0	580	100	M.EcotcmA3DamP   GATC  278 aa
contig_3_324	M.EcostT2Dam	100.000	278	0	0	1	278	1	278	0.0	580	100	M.EcostT2Dam   GATC  278 aa
contig_3_324	M.EcostE2DamP	100.000	278	0	0	1	278	1	278	0.0	580	100	M.EcostE2DamP   GATC  278 aa
contig_3_324	M.Ecosa15DamP	100.000	278	0	0	1	278	1	278	0.0	580	100	M.Ecosa15DamP   GATC  278 aa
contig_3_324	M.EcosW25KDamP	100.000	278	0	0	1	278	1	278	0.0	580	100	M.EcosW25KDamP   GATC  278 aa
contig_3_324	M.EcosR1DamP	100.000	278	0	0	1	278	1	278	0.0	580	100	M.EcosR1DamP   GATC  278 aa
contig_3_324	M.EcosP1DamP	100.000	278	0	0	1	278	1	278	0.0	580	100	M.EcosP1DamP   GATC  278 aa
contig_3_324	M.EcosNDM5DamP	100.000	278	0	0	1	278	1	278	0.0	580	100	M.EcosNDM5DamP   GATC  278 aa
contig_3_324	M.EcosJ53DamP	100.000	278	0	0	1	278	1	278	0.0	580	100	M.EcosJ53DamP   GATC  278 aa
contig_3_324	M.EcosHSDamP	100.000	278	0	0	1	278	1	278	0.0	580	100	M.EcosHSDamP   GATC  278 aa
contig_3_324	M.EcosE2DamP	100.000	278	0	0	1	278	1	278	0.0	580	100	M.EcosE2DamP   GATC  278 aa
contig_3_324	M.EcosEC31DamP	100.000	278	0	0	1	278	1	278	0.0	580	100	M.EcosEC31DamP   GATC  278 aa
contig_3_324	M.EcosEC27DamP	100.000	278	0	0	1	278	1	278	0.0	580	100	M.EcosEC27DamP   GATC  278 aa
contig_3_324	M.EcosEC26DamP	100.000	278	0	0	1	278	1	278	0.0	580	100	M.EcosEC26DamP   GATC  278 aa
contig_3_324	M.EcosEC24DamP	100.000	278	0	0	1	278	1	278	0.0	580	100	M.EcosEC24DamP   GATC  278 aa
contig_3_324	M.EcosEC22DamP	100.000	278	0	0	1	278	1	278	0.0	580	100	M.EcosEC22DamP   GATC  278 aa
contig_3_324	M.EcosEC21DamP	100.000	278	0	0	1	278	1	278	0.0	580	100	M.EcosEC21DamP   GATC  278 aa
contig_3_324	M.EcosEC9DamP	100.000	278	0	0	1	278	1	278	0.0	580	100	M.EcosEC9DamP   GATC  278 aa
contig_3_324	M.EcosEC7DamP	100.000	278	0	0	1	278	1	278	0.0	580	100	M.EcosEC7DamP   GATC  278 aa
contig_3_324	M.EcosEC4DamP	100.000	278	0	0	1	278	1	278	0.0	580	100	M.EcosEC4DamP   GATC  278 aa
contig_3_324	M.EcosEC3DamP	100.000	278	0	0	1	278	1	278	0.0	580	100	M.EcosEC3DamP   GATC  278 aa
contig_3_324	M.EcosEC2DamP	100.000	278	0	0	1	278	1	278	0.0	580	100	M.EcosEC2DamP   GATC  278 aa
contig_3_324	M.Ecos15955DamP	100.000	278	0	0	1	278	1	278	0.0	580	100	M.Ecos15955DamP   GATC  278 aa
contig_3_324	M.Ecos15739DamP	100.000	278	0	0	1	278	1	278	0.0	580	100	M.Ecos15739DamP   GATC  278 aa
contig_3_324	M.Ecos4422DamP	100.000	278	0	0	1	278	1	278	0.0	580	100	M.Ecos4422DamP   GATC  278 aa
contig_3_324	M.Ecos3057DamP	100.000	278	0	0	1	278	1	278	0.0	580	100	M.Ecos3057DamP   GATC  278 aa
contig_3_324	M.Ecos2020DamP	100.000	278	0	0	1	278	1	278	0.0	580	100	M.Ecos2020DamP   GATC  278 aa
contig_3_324	M.Ecos1613DamP	100.000	278	0	0	1	278	1	278	0.0	580	100	M.Ecos1613DamP   GATC  278 aa
contig_3_446	M.Eco4792LORF2734P	100.000	294	0	0	1	294	3	296	0.0	613	100	M.Eco4792LORF2734P   ATGCAT  296 aa
contig_3_446	M.EcoKORFAP	100.000	294	0	0	1	294	3	296	0.0	613	100	M.EcoKORFAP   ATGCAT  296 aa
contig_3_446	M.EcoJ53KORF5120P	100.000	294	0	0	1	294	3	296	0.0	613	100	M.EcoJ53KORF5120P   ATGCAT  296 aa
contig_3_446	M.SflSTLE3ORF2510P	100.000	294	0	0	1	294	1	294	0.0	613	100	M.SflSTLE3ORF2510P   ATGCAT  294 aa
contig_3_446	M.SflN92ORF2245P	100.000	294	0	0	1	294	1	294	0.0	613	100	M.SflN92ORF2245P   ATGCAT  294 aa
contig_3_446	M.SflLIN11ORF2610P	100.000	294	0	0	1	294	1	294	0.0	613	100	M.SflLIN11ORF2610P   ATGCAT  294 aa
contig_3_446	M.SflLIN4ORF2245P	100.000	294	0	0	1	294	1	294	0.0	613	100	M.SflLIN4ORF2245P   ATGCAT  294 aa
contig_3_446	M.SflFF34ORF12360P	100.000	294	0	0	1	294	1	294	0.0	613	100	M.SflFF34ORF12360P   ATGCAT  294 aa
contig_3_446	M.SflFF27ORF12365P	100.000	294	0	0	1	294	1	294	0.0	613	100	M.SflFF27ORF12365P   ATGCAT  294 aa
contig_3_446	M.SflFF87ORF2225P	100.000	294	0	0	1	294	1	294	0.0	613	100	M.SflFF87ORF2225P   ATGCAT  294 aa
contig_3_446	M.SflFF67ORF2280P	100.000	294	0	0	1	294	1	294	0.0	613	100	M.SflFF67ORF2280P   ATGCAT  294 aa
contig_3_446	M.SflFF36ORF2245P	100.000	294	0	0	1	294	1	294	0.0	613	100	M.SflFF36ORF2245P   ATGCAT  294 aa
contig_3_446	M.SflFF33ORF2250P	100.000	294	0	0	1	294	1	294	0.0	613	100	M.SflFF33ORF2250P   ATGCAT  294 aa
contig_3_446	M.SenHNK130ORF11595P	100.000	294	0	0	1	294	1	294	0.0	613	100	M.SenHNK130ORF11595P   ATGCAT  294 aa
contig_3_446	M.Msa17ORFBP	100.000	294	0	0	1	294	1	294	0.0	613	100	M.Msa17ORFBP   ATGCAT  294 aa
contig_3_446	M.EsptetX4ORF2285P	100.000	294	0	0	1	294	1	294	0.0	613	100	M.EsptetX4ORF2285P   ATGCAT  294 aa
contig_3_446	M.Esp17TGCORF2280P	100.000	294	0	0	1	294	1	294	0.0	613	100	M.Esp17TGCORF2280P   ATGCAT  294 aa
contig_3_446	M.EcotolCORF464P	100.000	294	0	0	1	294	1	294	0.0	613	100	M.EcotolCORF464P   ATGCAT  294 aa
contig_3_446	M.EcosP1ORF21250P	100.000	294	0	0	1	294	1	294	0.0	613	100	M.EcosP1ORF21250P   ATGCAT  294 aa
contig_3_446	M.Ecos15955ORF5630P	100.000	294	0	0	1	294	1	294	0.0	613	100	M.Ecos15955ORF5630P   ATGCAT  294 aa
contig_3_446	M.Ecos195ORF19270P	100.000	294	0	0	1	294	1	294	0.0	613	100	M.Ecos195ORF19270P   ATGCAT  294 aa
contig_3_446	M.Ecos32ORF10605P	100.000	294	0	0	1	294	1	294	0.0	613	100	M.Ecos32ORF10605P   ATGCAT  294 aa
contig_3_446	M.Ecos164ORF2255P	100.000	294	0	0	1	294	1	294	0.0	613	100	M.Ecos164ORF2255P   ATGCAT  294 aa
contig_3_446	M.EcosJ53ORFCP	100.000	294	0	0	1	294	1	294	0.0	613	100	M.EcosJ53ORFCP   ATGCAT  294 aa
contig_3_446	M.EcosEC29ORF20165P	100.000	294	0	0	1	294	1	294	0.0	613	100	M.EcosEC29ORF20165P   ATGCAT  294 aa
contig_3_446	M.EcosEC31ORF2255P	100.000	294	0	0	1	294	1	294	0.0	613	100	M.EcosEC31ORF2255P   ATGCAT  294 aa
contig_3_446	M.EcosEC26ORF2220P	100.000	294	0	0	1	294	1	294	0.0	613	100	M.EcosEC26ORF2220P   ATGCAT  294 aa
contig_3_446	M.EcosEC22ORF2255P	100.000	294	0	0	1	294	1	294	0.0	613	100	M.EcosEC22ORF2255P   ATGCAT  294 aa
contig_3_446	M.EcosEC7ORF2240P	100.000	294	0	0	1	294	1	294	0.0	613	100	M.EcosEC7ORF2240P   ATGCAT  294 aa
contig_3_446	M.EcosEC4ORF2230P	100.000	294	0	0	1	294	1	294	0.0	613	100	M.EcosEC4ORF2230P   ATGCAT  294 aa
contig_3_446	M.EcosEC3ORF2315P	100.000	294	0	0	1	294	1	294	0.0	613	100	M.EcosEC3ORF2315P   ATGCAT  294 aa
contig_3_446	M.EcosEC2ORF2600P	100.000	294	0	0	1	294	1	294	0.0	613	100	M.EcosEC2ORF2600P   ATGCAT  294 aa
contig_3_446	M.EcosDH5aORF11245P	100.000	294	0	0	1	294	1	294	0.0	613	100	M.EcosDH5aORF11245P   ATGCAT  294 aa
contig_3_446	M.EcosB2CORFGP	100.000	294	0	0	1	294	1	294	0.0	613	100	M.EcosB2CORFGP   ATGCAT  294 aa
contig_3_446	M.Ecoppa8ORF19925P	100.000	294	0	0	1	294	1	294	0.0	613	100	M.Ecoppa8ORF19925P   ATGCAT  294 aa
contig_3_446	M.EcopdeL22ORFAP	100.000	294	0	0	1	294	1	294	0.0	613	100	M.EcopdeL22ORFAP   ATGCAT  294 aa
contig_3_446	M.EcopdeL21ORFAP	100.000	294	0	0	1	294	1	294	0.0	613	100	M.EcopdeL21ORFAP   ATGCAT  294 aa
contig_3_446	M.EcopdeL1ORFAP	100.000	294	0	0	1	294	1	294	0.0	613	100	M.EcopdeL1ORFAP   ATGCAT  294 aa
contig_3_446	M.Eco3parORFAP	100.000	294	0	0	1	294	1	294	0.0	613	100	M.Eco3parORFAP   ATGCAT  294 aa
contig_3_446	M.Eco2parORFAP	100.000	294	0	0	1	294	1	294	0.0	613	100	M.Eco2parORFAP   ATGCAT  294 aa
contig_3_446	M.Eco1parORFAP	100.000	294	0	0	1	294	1	294	0.0	613	100	M.Eco1parORFAP   ATGCAT  294 aa
contig_3_446	M.Ecop133ORF1670P	100.000	294	0	0	1	294	1	294	0.0	613	100	M.Ecop133ORF1670P   ATGCAT  294 aa
contig_3_446	M.Ecop131ORF1670P	100.000	294	0	0	1	294	1	294	0.0	613	100	M.Ecop131ORF1670P   ATGCAT  294 aa
contig_3_446	M.Ecop130ORF1670P	100.000	294	0	0	1	294	1	294	0.0	613	100	M.Ecop130ORF1670P   ATGCAT  294 aa
contig_3_446	M.Ecop10BORF2235P	100.000	294	0	0	1	294	1	294	0.0	613	100	M.Ecop10BORF2235P   ATGCAT  294 aa
contig_3_446	M.Ecop10AORF2215P	100.000	294	0	0	1	294	1	294	0.0	613	100	M.Ecop10AORF2215P   ATGCAT  294 aa
contig_3_446	M.EcolacZ3ORFAP	100.000	294	0	0	1	294	1	294	0.0	613	100	M.EcolacZ3ORFAP   ATGCAT  294 aa
contig_3_446	M.EcolacZ2ORFAP	100.000	294	0	0	1	294	1	294	0.0	613	100	M.EcolacZ2ORFAP   ATGCAT  294 aa
contig_3_446	M.EcolacZ1ORFAP	100.000	294	0	0	1	294	1	294	0.0	613	100	M.EcolacZ1ORFAP   ATGCAT  294 aa
contig_3_446	M.Ecoi10bORF441P	100.000	294	0	0	1	294	1	294	0.0	613	100	M.Ecoi10bORF441P   ATGCAT  294 aa
contig_3_446	M.Ecoi10aORF442P	100.000	294	0	0	1	294	1	294	0.0	613	100	M.Ecoi10aORF442P   ATGCAT  294 aa
contig_3_446	M.Ecoi10ORF442P	100.000	294	0	0	1	294	1	294	0.0	613	100	M.Ecoi10ORF442P   ATGCAT  294 aa
contig_3_446	M.Eco129hORF18940P	100.000	294	0	0	1	294	1	294	0.0	613	100	M.Eco129hORF18940P   ATGCAT  294 aa
contig_3_446	M.Ecogw25ORF16685P	100.000	294	0	0	1	294	1	294	0.0	613	100	M.Ecogw25ORF16685P   ATGCAT  294 aa
contig_3_446	M.Eco33gtORF11930P	100.000	294	0	0	1	294	1	294	0.0	613	100	M.Eco33gtORF11930P   ATGCAT  294 aa
contig_3_446	M.Ecogb37ORF16685P	100.000	294	0	0	1	294	1	294	0.0	613	100	M.Ecogb37ORF16685P   ATGCAT  294 aa
contig_3_446	M.Ecog94ORF16685P	100.000	294	0	0	1	294	1	294	0.0	613	100	M.Ecog94ORF16685P   ATGCAT  294 aa
contig_3_446	M.Ecog83ORF16685P	100.000	294	0	0	1	294	1	294	0.0	613	100	M.Ecog83ORF16685P   ATGCAT  294 aa
contig_3_446	M.Ecog74ORF16685P	100.000	294	0	0	1	294	1	294	0.0	613	100	M.Ecog74ORF16685P   ATGCAT  294 aa
contig_3_446	M.Ecog62ORF16685P	100.000	294	0	0	1	294	1	294	0.0	613	100	M.Ecog62ORF16685P   ATGCAT  294 aa
contig_3_446	M.Eco261ftORF11935P	100.000	294	0	0	1	294	1	294	0.0	613	100	M.Eco261ftORF11935P   ATGCAT  294 aa
contig_3_446	M.Eco2ev03ORFBP	100.000	294	0	0	1	294	1	294	0.0	613	100	M.Eco2ev03ORFBP   ATGCAT  294 aa
contig_3_446	M.Eco3ev03ORFAP	100.000	294	0	0	1	294	1	294	0.0	613	100	M.Eco3ev03ORFAP   ATGCAT  294 aa
contig_3_446	M.Eco3ev02ORFAP	100.000	294	0	0	1	294	1	294	0.0	613	100	M.Eco3ev02ORFAP   ATGCAT  294 aa
contig_3_446	M.Eco3ev01ORFAP	100.000	294	0	0	1	294	1	294	0.0	613	100	M.Eco3ev01ORFAP   ATGCAT  294 aa
contig_3_446	M.Eco2ev02ORFAP	100.000	294	0	0	1	294	1	294	0.0	613	100	M.Eco2ev02ORFAP   ATGCAT  294 aa
contig_3_446	M.Eco2ev01ORFAP	100.000	294	0	0	1	294	1	294	0.0	613	100	M.Eco2ev01ORFAP   ATGCAT  294 aa
contig_3_446	M.Eco1ev03ORFAP	100.000	294	0	0	1	294	1	294	0.0	613	100	M.Eco1ev03ORFAP   ATGCAT  294 aa
contig_3_446	M.Eco1ev02ORFAP	100.000	294	0	0	1	294	1	294	0.0	613	100	M.Eco1ev02ORFAP   ATGCAT  294 aa
contig_3_446	M.Eco1ev01ORFAP	100.000	294	0	0	1	294	1	294	0.0	613	100	M.Eco1ev01ORFAP   ATGCAT  294 aa
contig_3_446	M.Eco1655dORFCP	100.000	294	0	0	1	294	1	294	0.0	613	100	M.Eco1655dORFCP   ATGCAT  294 aa
contig_3_446	M.Eco1655cORFCP	100.000	294	0	0	1	294	1	294	0.0	613	100	M.Eco1655cORFCP   ATGCAT  294 aa
contig_3_446	M.Eco1655bORFBP	100.000	294	0	0	1	294	1	294	0.0	613	100	M.Eco1655bORFBP   ATGCAT  294 aa
contig_3_446	M.Eco2162bORF2285P	100.000	294	0	0	1	294	1	294	0.0	613	100	M.Eco2162bORF2285P   ATGCAT  294 aa
contig_3_446	M.Eco11bORF13505P	100.000	294	0	0	1	294	1	294	0.0	613	100	M.Eco11bORF13505P   ATGCAT  294 aa
contig_3_446	M.Eco13bORF2270P	100.000	294	0	0	1	294	1	294	0.0	613	100	M.Eco13bORF2270P   ATGCAT  294 aa
contig_3_446	M.Eco1655aORFCP	100.000	294	0	0	1	294	1	294	0.0	613	100	M.Eco1655aORFCP   ATGCAT  294 aa
contig_3_446	M.Eco470aORF19155P	100.000	294	0	0	1	294	1	294	0.0	613	100	M.Eco470aORF19155P   ATGCAT  294 aa
contig_3_446	M.Eco365aORF20960P	100.000	294	0	0	1	294	1	294	0.0	613	100	M.Eco365aORF20960P   ATGCAT  294 aa
contig_3_446	M.Eco361aORF21155P	100.000	294	0	0	1	294	1	294	0.0	613	100	M.Eco361aORF21155P   ATGCAT  294 aa
contig_3_446	M.Eco2aEORF2250P	100.000	294	0	0	1	294	1	294	0.0	613	100	M.Eco2aEORF2250P   ATGCAT  294 aa
contig_3_446	M.EcoZ063ORF2270P	100.000	294	0	0	1	294	1	294	0.0	613	100	M.EcoZ063ORF2270P   ATGCAT  294 aa
contig_3_446	M.EcoZK126ORF16420P	100.000	294	0	0	1	294	1	294	0.0	613	100	M.EcoZK126ORF16420P   ATGCAT  294 aa
contig_3_446	M.EcoZF34ORF11905P	100.000	294	0	0	1	294	1	294	0.0	613	100	M.EcoZF34ORF11905P   ATGCAT  294 aa
contig_3_446	M.EcoZF31ORF11895P	100.000	294	0	0	1	294	1	294	0.0	613	100	M.EcoZF31ORF11895P   ATGCAT  294 aa
contig_3_446	M.EcoYY761ORF2375P	100.000	294	0	0	1	294	1	294	0.0	613	100	M.EcoYY761ORF2375P   ATGCAT  294 aa
contig_3_446	M.EcoY221ORF2285P	100.000	294	0	0	1	294	1	294	0.0	613	100	M.EcoY221ORF2285P   ATGCAT  294 aa
contig_3_446	M.EcoY5ORF4460P	100.000	294	0	0	1	294	1	294	0.0	613	100	M.EcoY5ORF4460P   ATGCAT  294 aa
contig_3_446	M.EcoYORF10530P	100.000	294	0	0	1	294	1	294	0.0	613	100	M.EcoYORF10530P   ATGCAT  294 aa
contig_3_446	M.EcoYJ4ORFCP	100.000	294	0	0	1	294	1	294	0.0	613	100	M.EcoYJ4ORFCP   ATGCAT  294 aa
contig_3_446	M.EcoXR2ORF6045P	100.000	294	0	0	1	294	1	294	0.0	613	100	M.EcoXR2ORF6045P   ATGCAT  294 aa
contig_3_446	M.EcoXR1ORF6045P	100.000	294	0	0	1	294	1	294	0.0	613	100	M.EcoXR1ORF6045P   ATGCAT  294 aa
contig_3_446	M.Eco873X1ORF20270P	100.000	294	0	0	1	294	1	294	0.0	613	100	M.Eco873X1ORF20270P   ATGCAT  294 aa
contig_3_446	M.EcoX143ORF11765P	100.000	294	0	0	1	294	1	294	0.0	613	100	M.EcoX143ORF11765P   ATGCAT  294 aa
contig_3_446	M.EcoX0005ORF6715P	100.000	294	0	0	1	294	1	294	0.0	613	100	M.EcoX0005ORF6715P   ATGCAT  294 aa
contig_3_446	M.EcoXL10gORF12555P	100.000	294	0	0	1	294	1	294	0.0	613	100	M.EcoXL10gORF12555P   ATGCAT  294 aa
contig_3_446	M.EcoXL1BORF16860P	100.000	294	0	0	1	294	1	294	0.0	613	100	M.EcoXL1BORF16860P   ATGCAT  294 aa
contig_3_446	M.EcoXJ62ORF2245P	100.000	294	0	0	1	294	1	294	0.0	613	100	M.EcoXJ62ORF2245P   ATGCAT  294 aa
contig_3_446	M.EcoXHORF17609P	100.000	294	0	0	1	294	1	294	0.0	613	100	M.EcoXHORF17609P   ATGCAT  294 aa
contig_3_446	M.Eco45WUORFEP	100.000	294	0	0	1	294	1	294	0.0	613	100	M.Eco45WUORFEP   ATGCAT  294 aa
contig_3_1707	M.SflLIN6DcmP	100.000	472	0	0	1	472	1	472	0.0	987	100	M.SflLIN6DcmP   CCWGG  472 aa
contig_3_1707	M.SflFF22DcmP	100.000	472	0	0	1	472	1	472	0.0	987	100	M.SflFF22DcmP   CCWGG  472 aa
contig_3_1707	M.SflFF16DcmP	100.000	472	0	0	1	472	1	472	0.0	987	100	M.SflFF16DcmP   CCWGG  472 aa
contig_3_1707	M.SenHNK130DcmP	100.000	472	0	0	1	472	1	472	0.0	987	100	M.SenHNK130DcmP   CCWGG  472 aa
contig_3_1707	M.Sbo4868DcmP	100.000	472	0	0	1	472	1	472	0.0	987	100	M.Sbo4868DcmP   CCWGG  472 aa
contig_3_1707	M.Msa17DcmP	100.000	472	0	0	1	472	1	472	0.0	987	100	M.Msa17DcmP   CCWGG  472 aa
contig_3_1707	M.EsptetX4DcmP	100.000	472	0	0	1	472	1	472	0.0	987	100	M.EsptetX4DcmP   CCWGG  472 aa
contig_3_1707	M.Esp17TGCDcmP	100.000	472	0	0	1	472	1	472	0.0	987	100	M.Esp17TGCDcmP   CCWGG  472 aa
contig_3_1707	M.EmaYF8DcmP	100.000	472	0	0	1	472	1	472	0.0	987	100	M.EmaYF8DcmP   CCWGG  472 aa
contig_3_1707	M.Ecoww7DcmP	100.000	472	0	0	1	472	1	472	0.0	987	100	M.Ecoww7DcmP   CCWGG  472 aa
contig_3_1707	M.Ecows53DcmP	100.000	472	0	0	1	472	1	472	0.0	987	100	M.Ecows53DcmP   CCWGG  472 aa
contig_3_1707	M.EcotolCDcmP	100.000	472	0	0	1	472	1	472	0.0	987	100	M.EcotolCDcmP   CCWGG  472 aa
contig_3_1707	M.EcotcmA3DcmP	100.000	472	0	0	1	472	1	472	0.0	987	100	M.EcotcmA3DcmP   CCWGG  472 aa
contig_3_1707	M.EcostT2Dcm	100.000	472	0	0	1	472	1	472	0.0	987	100	M.EcostT2Dcm   CCWGG  472 aa
contig_3_1707	M.Ecosa15DcmP	100.000	472	0	0	1	472	1	472	0.0	987	100	M.Ecosa15DcmP   CCWGG  472 aa
contig_3_1707	M.EcosJ53DcmP	100.000	472	0	0	1	472	1	472	0.0	987	100	M.EcosJ53DcmP   CCWGG  472 aa
contig_3_1707	M.Ecos15739DcmP	100.000	472	0	0	1	472	1	472	0.0	987	100	M.Ecos15739DcmP   CCWGG  472 aa
contig_3_1707	M.Ecos4422DcmP	100.000	472	0	0	1	472	1	472	0.0	987	100	M.Ecos4422DcmP   CCWGG  472 aa
contig_3_1707	M.Ecos1613DcmP	100.000	472	0	0	1	472	1	472	0.0	987	100	M.Ecos1613DcmP   CCWGG  472 aa
contig_3_1707	M.Ecos154DcmP	100.000	472	0	0	1	472	1	472	0.0	987	100	M.Ecos154DcmP   CCWGG  472 aa
contig_3_1707	M.EcosDH5aDcmP	100.000	472	0	0	1	472	1	472	0.0	987	100	M.EcosDH5aDcmP   CCWGG  472 aa
contig_3_1707	M.EcosC41DcmP	100.000	472	0	0	1	472	1	472	0.0	987	100	M.EcosC41DcmP   CCWGG  472 aa
contig_3_1707	M.EcosA19DcmP	100.000	472	0	0	1	472	1	472	0.0	987	100	M.EcosA19DcmP   CCWGG  472 aa
contig_3_1707	M.Ecos8ADcmP	100.000	472	0	0	1	472	1	472	0.0	987	100	M.Ecos8ADcmP   CCWGG  472 aa
contig_3_1707	M.EcosA5DcmP	100.000	472	0	0	1	472	1	472	0.0	987	100	M.EcosA5DcmP   CCWGG  472 aa
contig_3_1707	M.EcopdeL22DcmP	100.000	472	0	0	1	472	1	472	0.0	987	100	M.EcopdeL22DcmP   CCWGG  472 aa
contig_3_1707	M.EcopdeL21DcmP	100.000	472	0	0	1	472	1	472	0.0	987	100	M.EcopdeL21DcmP   CCWGG  472 aa
contig_3_1707	M.EcopdeL1DcmP	100.000	472	0	0	1	472	1	472	0.0	987	100	M.EcopdeL1DcmP   CCWGG  472 aa
contig_3_1707	M.Eco3parDcmP	100.000	472	0	0	1	472	1	472	0.0	987	100	M.Eco3parDcmP   CCWGG  472 aa
contig_3_1707	M.Eco2parDcmP	100.000	472	0	0	1	472	1	472	0.0	987	100	M.Eco2parDcmP   CCWGG  472 aa
contig_3_1707	M.Eco1parDcmP	100.000	472	0	0	1	472	1	472	0.0	987	100	M.Eco1parDcmP   CCWGG  472 aa
contig_3_1707	M.Ecop133DcmP	100.000	472	0	0	1	472	1	472	0.0	987	100	M.Ecop133DcmP   CCWGG  472 aa
contig_3_1707	M.Ecop131DcmP	100.000	472	0	0	1	472	1	472	0.0	987	100	M.Ecop131DcmP   CCWGG  472 aa
contig_3_1707	M.Ecop130DcmP	100.000	472	0	0	1	472	1	472	0.0	987	100	M.Ecop130DcmP   CCWGG  472 aa
contig_3_1707	M.EcolacZ3DcmP	100.000	472	0	0	1	472	1	472	0.0	987	100	M.EcolacZ3DcmP   CCWGG  472 aa
contig_3_1707	M.EcolacZ2DcmP	100.000	472	0	0	1	472	1	472	0.0	987	100	M.EcolacZ2DcmP   CCWGG  472 aa
contig_3_1707	M.EcolacZ1DcmP	100.000	472	0	0	1	472	1	472	0.0	987	100	M.EcolacZ1DcmP   CCWGG  472 aa
contig_3_1707	M.EcohubtDcmP	100.000	472	0	0	1	472	1	472	0.0	987	100	M.EcohubtDcmP   CCWGG  472 aa
contig_3_1707	M.Ecogw25DcmP	100.000	472	0	0	1	472	1	472	0.0	987	100	M.Ecogw25DcmP   CCWGG  472 aa
contig_3_1707	M.Eco33gtDcmP	100.000	472	0	0	1	472	1	472	0.0	987	100	M.Eco33gtDcmP   CCWGG  472 aa
contig_3_1707	M.Ecogb37DcmP	100.000	472	0	0	1	472	1	472	0.0	987	100	M.Ecogb37DcmP   CCWGG  472 aa
contig_3_1707	M.Ecog94DcmP	100.000	472	0	0	1	472	1	472	0.0	987	100	M.Ecog94DcmP   CCWGG  472 aa
contig_3_1707	M.Ecog83DcmP	100.000	472	0	0	1	472	1	472	0.0	987	100	M.Ecog83DcmP   CCWGG  472 aa
contig_3_1707	M.Ecog74DcmP	100.000	472	0	0	1	472	1	472	0.0	987	100	M.Ecog74DcmP   CCWGG  472 aa
contig_3_1707	M.Ecog62DcmP	100.000	472	0	0	1	472	1	472	0.0	987	100	M.Ecog62DcmP   CCWGG  472 aa
contig_3_1707	M.Eco261ftDcmP	100.000	472	0	0	1	472	1	472	0.0	987	100	M.Eco261ftDcmP   CCWGG  472 aa
contig_3_1707	M.EcofEC1DcmP	100.000	472	0	0	1	472	1	472	0.0	987	100	M.EcofEC1DcmP   CCWGG  472 aa
contig_3_1707	M.Eco32fDcmP	100.000	472	0	0	1	472	1	472	0.0	987	100	M.Eco32fDcmP   CCWGG  472 aa
contig_3_1707	M.Eco3ev03DcmP	100.000	472	0	0	1	472	1	472	0.0	987	100	M.Eco3ev03DcmP   CCWGG  472 aa
contig_3_1707	M.Eco3ev02DcmP	100.000	472	0	0	1	472	1	472	0.0	987	100	M.Eco3ev02DcmP   CCWGG  472 aa
contig_3_1707	M.Eco3ev01DcmP	100.000	472	0	0	1	472	1	472	0.0	987	100	M.Eco3ev01DcmP   CCWGG  472 aa
contig_3_1707	M.Eco2ev03DcmP	100.000	472	0	0	1	472	1	472	0.0	987	100	M.Eco2ev03DcmP   CCWGG  472 aa
contig_3_1707	M.Eco2ev02DcmP	100.000	472	0	0	1	472	1	472	0.0	987	100	M.Eco2ev02DcmP   CCWGG  472 aa
contig_3_1707	M.Eco2ev01DcmP	100.000	472	0	0	1	472	1	472	0.0	987	100	M.Eco2ev01DcmP   CCWGG  472 aa
contig_3_1707	M.Eco1ev03DcmP	100.000	472	0	0	1	472	1	472	0.0	987	100	M.Eco1ev03DcmP   CCWGG  472 aa
contig_3_1707	M.Eco1ev02DcmP	100.000	472	0	0	1	472	1	472	0.0	987	100	M.Eco1ev02DcmP   CCWGG  472 aa
contig_3_1707	M.Eco1ev01DcmP	100.000	472	0	0	1	472	1	472	0.0	987	100	M.Eco1ev01DcmP   CCWGG  472 aa
contig_3_1707	M.Ecocs03DcmP	100.000	472	0	0	1	472	1	472	0.0	987	100	M.Ecocs03DcmP   CCWGG  472 aa
contig_3_1707	M.Ecoc20DcmP	100.000	472	0	0	1	472	1	472	0.0	987	100	M.Ecoc20DcmP   CCWGG  472 aa
contig_3_1707	M.Eco2aEDcmP	100.000	472	0	0	1	472	1	472	0.0	987	100	M.Eco2aEDcmP   CCWGG  472 aa
contig_3_1707	M.Eco5284aDcmP	100.000	472	0	0	1	472	1	472	0.0	987	100	M.Eco5284aDcmP   CCWGG  472 aa
contig_3_1707	M.Eco2772aDcmP	100.000	472	0	0	1	472	1	472	0.0	987	100	M.Eco2772aDcmP   CCWGG  472 aa
contig_3_1707	M.Eco365aDcmP	100.000	472	0	0	1	472	1	472	0.0	987	100	M.Eco365aDcmP   CCWGG  472 aa
contig_3_1707	M.Eco361aDcmP	100.000	472	0	0	1	472	1	472	0.0	987	100	M.Eco361aDcmP   CCWGG  472 aa
contig_3_1707	M.EcoZYB62DcmP	100.000	472	0	0	1	472	1	472	0.0	987	100	M.EcoZYB62DcmP   CCWGG  472 aa
contig_3_1707	M.EcoZK126DcmP	100.000	472	0	0	1	472	1	472	0.0	987	100	M.EcoZK126DcmP   CCWGG  472 aa
contig_3_1707	M.EcoZ1836DcmP	100.000	472	0	0	1	472	1	472	0.0	987	100	M.EcoZ1836DcmP   CCWGG  472 aa
contig_3_1707	M.EcoZ1835DcmP	100.000	472	0	0	1	472	1	472	0.0	987	100	M.EcoZ1835DcmP   CCWGG  472 aa
contig_3_1707	M.EcoZ1834DcmP	100.000	472	0	0	1	472	1	472	0.0	987	100	M.EcoZ1834DcmP   CCWGG  472 aa
contig_3_1707	M.EcoZ1833DcmP	100.000	472	0	0	1	472	1	472	0.0	987	100	M.EcoZ1833DcmP   CCWGG  472 aa
contig_3_1707	M.EcoZ1832DcmP	100.000	472	0	0	1	472	1	472	0.0	987	100	M.EcoZ1832DcmP   CCWGG  472 aa
contig_3_1707	M.EcoZ1831DcmP	100.000	472	0	0	1	472	1	472	0.0	987	100	M.EcoZ1831DcmP   CCWGG  472 aa
contig_3_1707	M.EcoZ1830DcmP	100.000	472	0	0	1	472	1	472	0.0	987	100	M.EcoZ1830DcmP   CCWGG  472 aa
contig_3_1707	M.EcoZ1826DcmP	100.000	472	0	0	1	472	1	472	0.0	987	100	M.EcoZ1826DcmP   CCWGG  472 aa
contig_3_1707	M.EcoZ1825DcmP	100.000	472	0	0	1	472	1	472	0.0	987	100	M.EcoZ1825DcmP   CCWGG  472 aa
contig_3_1707	M.EcoZ1816DcmP	100.000	472	0	0	1	472	1	472	0.0	987	100	M.EcoZ1816DcmP   CCWGG  472 aa
contig_3_1707	M.EcoZ1815DcmP	100.000	472	0	0	1	472	1	472	0.0	987	100	M.EcoZ1815DcmP   CCWGG  472 aa
contig_3_1707	M.EcoZ1814DcmP	100.000	472	0	0	1	472	1	472	0.0	987	100	M.EcoZ1814DcmP   CCWGG  472 aa
contig_3_1707	M.EcoZ1813DcmP	100.000	472	0	0	1	472	1	472	0.0	987	100	M.EcoZ1813DcmP   CCWGG  472 aa
contig_3_1707	M.EcoZ1812DcmP	100.000	472	0	0	1	472	1	472	0.0	987	100	M.EcoZ1812DcmP   CCWGG  472 aa
contig_3_1707	M.EcoZ1811DcmP	100.000	472	0	0	1	472	1	472	0.0	987	100	M.EcoZ1811DcmP   CCWGG  472 aa
contig_3_1707	M.EcoZ1769DcmP	100.000	472	0	0	1	472	1	472	0.0	987	100	M.EcoZ1769DcmP   CCWGG  472 aa
contig_3_1707	M.EcoZ1768DcmP	100.000	472	0	0	1	472	1	472	0.0	987	100	M.EcoZ1768DcmP   CCWGG  472 aa
contig_3_1707	M.EcoZ1767DcmP	100.000	472	0	0	1	472	1	472	0.0	987	100	M.EcoZ1767DcmP   CCWGG  472 aa
contig_3_1707	M.EcoZ1766DcmP	100.000	472	0	0	1	472	1	472	0.0	987	100	M.EcoZ1766DcmP   CCWGG  472 aa
contig_3_1707	M.EcoZ1723DcmP	100.000	472	0	0	1	472	1	472	0.0	987	100	M.EcoZ1723DcmP   CCWGG  472 aa
contig_3_1707	M.EcoZ1626DcmP	100.000	472	0	0	1	472	1	472	0.0	987	100	M.EcoZ1626DcmP   CCWGG  472 aa
contig_3_1707	M.EcoZ1615DcmP	100.000	472	0	0	1	472	1	472	0.0	987	100	M.EcoZ1615DcmP   CCWGG  472 aa
contig_3_1707	M.EcoZ1504DcmP	100.000	472	0	0	1	472	1	472	0.0	987	100	M.EcoZ1504DcmP   CCWGG  472 aa
contig_3_1707	M.EcoZ1486DcmP	100.000	472	0	0	1	472	1	472	0.0	987	100	M.EcoZ1486DcmP   CCWGG  472 aa
contig_3_1707	M.EcoZ910DcmP	100.000	472	0	0	1	472	1	472	0.0	987	100	M.EcoZ910DcmP   CCWGG  472 aa
contig_3_1707	M.EcoZ903DcmP	100.000	472	0	0	1	472	1	472	0.0	987	100	M.EcoZ903DcmP   CCWGG  472 aa
contig_3_1707	M.EcoZ892DcmP	100.000	472	0	0	1	472	1	472	0.0	987	100	M.EcoZ892DcmP   CCWGG  472 aa
contig_3_1707	M.EcoZ887DcmP	100.000	472	0	0	1	472	1	472	0.0	987	100	M.EcoZ887DcmP   CCWGG  472 aa
contig_3_1707	M.EcoZ885DcmP	100.000	472	0	0	1	472	1	472	0.0	987	100	M.EcoZ885DcmP   CCWGG  472 aa
contig_3_1707	M.EcoZ869DcmP	100.000	472	0	0	1	472	1	472	0.0	987	100	M.EcoZ869DcmP   CCWGG  472 aa
contig_3_1707	M.EcoZ866DcmP	100.000	472	0	0	1	472	1	472	0.0	987	100	M.EcoZ866DcmP   CCWGG  472 aa
contig_3_1707	M.EcoZ852DcmP	100.000	472	0	0	1	472	1	472	0.0	987	100	M.EcoZ852DcmP   CCWGG  472 aa
contig_3_1707	M.EcoZ570DcmP	100.000	472	0	0	1	472	1	472	0.0	987	100	M.EcoZ570DcmP   CCWGG  472 aa
contig_3_1707	M.EcoZ563DcmP	100.000	472	0	0	1	472	1	472	0.0	987	100	M.EcoZ563DcmP   CCWGG  472 aa
contig_3_3688	M.SenHNK130ORF17125P	100.000	529	0	0	1	529	1	529	0.0	1102	100	M.SenHNK130ORF17125P   AACNNNNNNGTGC  529 aa
contig_3_3688	M.Msa17ORFC2P	100.000	529	0	0	1	529	1	529	0.0	1102	100	M.Msa17ORFC2P   AACNNNNNNGTGC  529 aa
contig_3_3688	M.Esp17TGCORF18925P	100.000	529	0	0	1	529	1	529	0.0	1102	100	M.Esp17TGCORF18925P   AACNNNNNNGTGC  529 aa
contig_3_3688	M.EcotolCORF4050P	100.000	529	0	0	1	529	1	529	0.0	1102	100	M.EcotolCORF4050P   AACNNNNNNGTGC  529 aa
contig_3_3688	M.EcosJ53ORFAP	100.000	529	0	0	1	529	1	529	0.0	1102	100	M.EcosJ53ORFAP   AACNNNNNNGTGC  529 aa
contig_3_3688	M.EcosDH5aORF5700P	100.000	529	0	0	1	529	1	529	0.0	1102	100	M.EcosDH5aORF5700P   AACNNNNNNGTGC  529 aa
contig_3_3688	M.Ecos8AORF22330P	100.000	529	0	0	1	529	1	529	0.0	1102	100	M.Ecos8AORF22330P   AACNNNNNNGTGC  529 aa
contig_3_3688	M.EcopdeL22ORFCP	100.000	529	0	0	1	529	1	529	0.0	1102	100	M.EcopdeL22ORFCP   AACNNNNNNGTGC  529 aa
contig_3_3688	M.EcopdeL21ORFCP	100.000	529	0	0	1	529	1	529	0.0	1102	100	M.EcopdeL21ORFCP   AACNNNNNNGTGC  529 aa
contig_3_3688	M.EcopdeL1ORFCP	100.000	529	0	0	1	529	1	529	0.0	1102	100	M.EcopdeL1ORFCP   AACNNNNNNGTGC  529 aa
contig_3_3688	M.Eco3parORFCP	100.000	529	0	0	1	529	1	529	0.0	1102	100	M.Eco3parORFCP   AACNNNNNNGTGC  529 aa
contig_3_3688	M.Eco2parORFCP	100.000	529	0	0	1	529	1	529	0.0	1102	100	M.Eco2parORFCP   AACNNNNNNGTGC  529 aa
contig_3_3688	M.Eco1parORFCP	100.000	529	0	0	1	529	1	529	0.0	1102	100	M.Eco1parORFCP   AACNNNNNNGTGC  529 aa
contig_3_3688	M.Ecop133ORF18860P	100.000	529	0	0	1	529	1	529	0.0	1102	100	M.Ecop133ORF18860P   AACNNNNNNGTGC  529 aa
contig_3_3688	M.Ecop131ORF18860P	100.000	529	0	0	1	529	1	529	0.0	1102	100	M.Ecop131ORF18860P   AACNNNNNNGTGC  529 aa
contig_3_3688	M.Ecop130ORF18855P	100.000	529	0	0	1	529	1	529	0.0	1102	100	M.Ecop130ORF18855P   AACNNNNNNGTGC  529 aa
contig_3_3688	M.EcolacZ2ORFCP	100.000	529	0	0	1	529	1	529	0.0	1102	100	M.EcolacZ2ORFCP   AACNNNNNNGTGC  529 aa
contig_3_3688	M.EcolacZ1ORFCP	100.000	529	0	0	1	529	1	529	0.0	1102	100	M.EcolacZ1ORFCP   AACNNNNNNGTGC  529 aa
contig_3_3688	M.EcolacZ3ORFBP	100.000	529	0	0	1	529	1	529	0.0	1102	100	M.EcolacZ3ORFBP   AACNNNNNNGTGC  529 aa
contig_3_3688	M.Ecogw25ORF22305P	100.000	529	0	0	1	529	1	529	0.0	1102	100	M.Ecogw25ORF22305P   AACNNNNNNGTGC  529 aa
contig_3_3688	M.Ecogb37ORF22305P	100.000	529	0	0	1	529	1	529	0.0	1102	100	M.Ecogb37ORF22305P   AACNNNNNNGTGC  529 aa
contig_3_3688	M.Ecog94ORF22305P	100.000	529	0	0	1	529	1	529	0.0	1102	100	M.Ecog94ORF22305P   AACNNNNNNGTGC  529 aa
contig_3_3688	M.Ecog83ORF22305P	100.000	529	0	0	1	529	1	529	0.0	1102	100	M.Ecog83ORF22305P   AACNNNNNNGTGC  529 aa
contig_3_3688	M.Ecog74ORF22305P	100.000	529	0	0	1	529	1	529	0.0	1102	100	M.Ecog74ORF22305P   AACNNNNNNGTGC  529 aa
contig_3_3688	M.Ecog62ORF22305P	100.000	529	0	0	1	529	1	529	0.0	1102	100	M.Ecog62ORF22305P   AACNNNNNNGTGC  529 aa
contig_3_3688	M.Eco3ev03ORFCP	100.000	529	0	0	1	529	1	529	0.0	1102	100	M.Eco3ev03ORFCP   AACNNNNNNGTGC  529 aa
contig_3_3688	M.Eco3ev02ORFCP	100.000	529	0	0	1	529	1	529	0.0	1102	100	M.Eco3ev02ORFCP   AACNNNNNNGTGC  529 aa
contig_3_3688	M.Eco3ev01ORFCP	100.000	529	0	0	1	529	1	529	0.0	1102	100	M.Eco3ev01ORFCP   AACNNNNNNGTGC  529 aa
contig_3_3688	M.Eco2ev03ORFCP	100.000	529	0	0	1	529	1	529	0.0	1102	100	M.Eco2ev03ORFCP   AACNNNNNNGTGC  529 aa
contig_3_3688	M.Eco2ev02ORFCP	100.000	529	0	0	1	529	1	529	0.0	1102	100	M.Eco2ev02ORFCP   AACNNNNNNGTGC  529 aa
contig_3_3688	M.Eco2ev01ORFCP	100.000	529	0	0	1	529	1	529	0.0	1102	100	M.Eco2ev01ORFCP   AACNNNNNNGTGC  529 aa
contig_3_3688	M.Eco1ev03ORFCP	100.000	529	0	0	1	529	1	529	0.0	1102	100	M.Eco1ev03ORFCP   AACNNNNNNGTGC  529 aa
contig_3_3688	M.Eco1ev02ORFCP	100.000	529	0	0	1	529	1	529	0.0	1102	100	M.Eco1ev02ORFCP   AACNNNNNNGTGC  529 aa
contig_3_3688	M.Eco1ev01ORFCP	100.000	529	0	0	1	529	1	529	0.0	1102	100	M.Eco1ev01ORFCP   AACNNNNNNGTGC  529 aa
contig_3_3688	M.Eco1655dORFBP	100.000	529	0	0	1	529	1	529	0.0	1102	100	M.Eco1655dORFBP   AACNNNNNNGTGC  529 aa
contig_3_3688	M.Eco1655cORFBP	100.000	529	0	0	1	529	1	529	0.0	1102	100	M.Eco1655cORFBP   AACNNNNNNGTGC  529 aa
contig_3_3688	M.Eco1655aORFBP	100.000	529	0	0	1	529	1	529	0.0	1102	100	M.Eco1655aORFBP   AACNNNNNNGTGC  529 aa
contig_3_3688	M.Eco365aORF4010P	100.000	529	0	0	1	529	1	529	0.0	1102	100	M.Eco365aORF4010P   AACNNNNNNGTGC  529 aa
contig_3_3688	M.Eco361aORF4010P	100.000	529	0	0	1	529	1	529	0.0	1102	100	M.Eco361aORF4010P   AACNNNNNNGTGC  529 aa
contig_3_3688	M.EcoZK126ORF22205P	100.000	529	0	0	1	529	1	529	0.0	1102	100	M.EcoZK126ORF22205P   AACNNNNNNGTGC  529 aa
contig_3_3688	M.EcoYORF16145P	100.000	529	0	0	1	529	1	529	0.0	1102	100	M.EcoYORF16145P   AACNNNNNNGTGC  529 aa
contig_3_3688	M.EcoXR2ORF300P	100.000	529	0	0	1	529	1	529	0.0	1102	100	M.EcoXR2ORF300P   AACNNNNNNGTGC  529 aa
contig_3_3688	M.EcoXR1ORF300P	100.000	529	0	0	1	529	1	529	0.0	1102	100	M.EcoXR1ORF300P   AACNNNNNNGTGC  529 aa
contig_3_3688	M.Eco873X1ORF14670P	100.000	529	0	0	1	529	1	529	0.0	1102	100	M.Eco873X1ORF14670P   AACNNNNNNGTGC  529 aa
contig_3_3688	M.EcoXL1BORF14050P	100.000	529	0	0	1	529	1	529	0.0	1102	100	M.EcoXL1BORF14050P   AACNNNNNNGTGC  529 aa
contig_3_3688	M.EcoXJ63ORF19820P	100.000	529	0	0	1	529	1	529	0.0	1102	100	M.EcoXJ63ORF19820P   AACNNNNNNGTGC  529 aa
contig_3_3688	M.EcoXJ34ORF19825P	100.000	529	0	0	1	529	1	529	0.0	1102	100	M.EcoXJ34ORF19825P   AACNNNNNNGTGC  529 aa
contig_3_3688	M.EcoW3110PORF22305P	100.000	529	0	0	1	529	1	529	0.0	1102	100	M.EcoW3110PORF22305P   AACNNNNNNGTGC  529 aa
contig_3_3688	M.EcoW3110ORF4339P	100.000	529	0	0	1	529	1	529	0.0	1102	100	M.EcoW3110ORF4339P   AACNNNNNNGTGC  529 aa
contig_3_3688	M.EcoW25113ORF11385P	100.000	529	0	0	1	529	1	529	0.0	1102	100	M.EcoW25113ORF11385P   AACNNNNNNGTGC  529 aa
contig_3_3688	M.EcoWG1ORF19425P	100.000	529	0	0	1	529	1	529	0.0	1102	100	M.EcoWG1ORF19425P   AACNNNNNNGTGC  529 aa
contig_3_3688	M.EcoWF55T2ORF18815P	100.000	529	0	0	1	529	1	529	0.0	1102	100	M.EcoWF55T2ORF18815P   AACNNNNNNGTGC  529 aa
contig_3_3688	M.EcoWF55T1ORF18790P	100.000	529	0	0	1	529	1	529	0.0	1102	100	M.EcoWF55T1ORF18790P   AACNNNNNNGTGC  529 aa
contig_3_3688	M.EcoVir2ORF19035P	100.000	529	0	0	1	529	1	529	0.0	1102	100	M.EcoVir2ORF19035P   AACNNNNNNGTGC  529 aa
contig_3_3688	M.EcoVir1ORF3840P	100.000	529	0	0	1	529	1	529	0.0	1102	100	M.EcoVir1ORF3840P   AACNNNNNNGTGC  529 aa
contig_3_3688	M.EcoV601ORF19270P	100.000	529	0	0	1	529	1	529	0.0	1102	100	M.EcoV601ORF19270P   AACNNNNNNGTGC  529 aa
contig_3_3688	M.EcoVH1ORF19870P	100.000	529	0	0	1	529	1	529	0.0	1102	100	M.EcoVH1ORF19870P   AACNNNNNNGTGC  529 aa
contig_3_3688	M.EcoUU3ORF23640P	100.000	529	0	0	1	529	1	529	0.0	1102	100	M.EcoUU3ORF23640P   AACNNNNNNGTGC  529 aa
contig_3_3688	M.EcoUSML2ORF1340P	100.000	529	0	0	1	529	1	529	0.0	1102	100	M.EcoUSML2ORF1340P   AACNNNNNNGTGC  529 aa
contig_3_3688	M.EcoUPEC132ORFGP	100.000	529	0	0	1	529	1	529	0.0	1102	100	M.EcoUPEC132ORFGP   AACNNNNNNGTGC  529 aa
contig_3_3688	M.EcoUB2ORF4390P	100.000	529	0	0	1	529	1	529	0.0	1102	100	M.EcoUB2ORF4390P   AACNNNNNNGTGC  529 aa
contig_3_3688	M.EcoTR3G40ORF22015P	100.000	529	0	0	1	529	1	529	0.0	1102	100	M.EcoTR3G40ORF22015P   AACNNNNNNGTGC  529 aa
contig_3_3688	M.EcoTR2G40ORF22020P	100.000	529	0	0	1	529	1	529	0.0	1102	100	M.EcoTR2G40ORF22020P   AACNNNNNNGTGC  529 aa
contig_3_3688	M.EcoTR1G40ORF22025P	100.000	529	0	0	1	529	1	529	0.0	1102	100	M.EcoTR1G40ORF22025P   AACNNNNNNGTGC  529 aa
contig_3_3688	M.EcoTOP10aORF15400P	100.000	529	0	0	1	529	1	529	0.0	1102	100	M.EcoTOP10aORF15400P   AACNNNNNNGTGC  529 aa
contig_3_3688	M.EcoT159AORFCP	100.000	529	0	0	1	529	1	529	0.0	1102	100	M.EcoT159AORFCP   AACNNNNNNGTGC  529 aa
contig_3_3688	M.EcoSW20ORF16965P	100.000	529	0	0	1	529	1	529	0.0	1102	100	M.EcoSW20ORF16965P   AACNNNNNNGTGC  529 aa
contig_3_3688	M.EcoST18ORF23250P	100.000	529	0	0	1	529	1	529	0.0	1102	100	M.EcoST18ORF23250P   AACNNNNNNGTGC  529 aa
contig_3_3688	M.EcoST3ORF11945P	100.000	529	0	0	1	529	1	529	0.0	1102	100	M.EcoST3ORF11945P   AACNNNNNNGTGC  529 aa
contig_3_3688	M.EcoSQ2203ORF4403P	100.000	529	0	0	1	529	1	529	0.0	1102	100	M.EcoSQ2203ORF4403P   AACNNNNNNGTGC  529 aa
contig_3_3688	M.EcoSQ171ORF4397P	100.000	529	0	0	1	529	1	529	0.0	1102	100	M.EcoSQ171ORF4397P   AACNNNNNNGTGC  529 aa
contig_3_3688	M.EcoSQ110ORF4401P	100.000	529	0	0	1	529	1	529	0.0	1102	100	M.EcoSQ110ORF4401P   AACNNNNNNGTGC  529 aa
contig_3_3688	M.EcoSQ88ORF4407P	100.000	529	0	0	1	529	1	529	0.0	1102	100	M.EcoSQ88ORF4407P   AACNNNNNNGTGC  529 aa
contig_3_3688	M.EcoSQ37ORF4429P	100.000	529	0	0	1	529	1	529	0.0	1102	100	M.EcoSQ37ORF4429P   AACNNNNNNGTGC  529 aa
contig_3_3688	M.EcoS2005ORF4000P	100.000	529	0	0	1	529	1	529	0.0	1102	100	M.EcoS2005ORF4000P   AACNNNNNNGTGC  529 aa
contig_3_3688	M.EcoS171ORF17695P	100.000	529	0	0	1	529	1	529	0.0	1102	100	M.EcoS171ORF17695P   AACNNNNNNGTGC  529 aa
contig_3_3688	M.EcoS2ORF15555P	100.000	529	0	0	1	529	1	529	0.0	1102	100	M.EcoS2ORF15555P   AACNNNNNNGTGC  529 aa
contig_3_3688	M.Eco17SOC05ORF20215P	100.000	529	0	0	1	529	1	529	0.0	1102	100	M.Eco17SOC05ORF20215P   AACNNNNNNGTGC  529 aa
contig_3_3688	M.EcoRP437ORF22150P	100.000	529	0	0	1	529	1	529	0.0	1102	100	M.EcoRP437ORF22150P   AACNNNNNNGTGC  529 aa
contig_3_3688	M.Eco26R793ORFBP	100.000	529	0	0	1	529	1	529	0.0	1102	100	M.Eco26R793ORFBP   AACNNNNNNGTGC  529 aa
contig_3_3688	M.Eco2648R11ORF515P	100.000	529	0	0	1	529	1	529	0.0	1102	100	M.Eco2648R11ORF515P   AACNNNNNNGTGC  529 aa
contig_3_3688	M.EcoR53ORF7140P	100.000	529	0	0	1	529	1	529	0.0	1102	100	M.EcoR53ORF7140P   AACNNNNNNGTGC  529 aa
contig_3_3688	M.Eco2648R2ORF19040P	100.000	529	0	0	1	529	1	529	0.0	1102	100	M.Eco2648R2ORF19040P   AACNNNNNNGTGC  529 aa
contig_3_3688	M.Eco2648R1ORF19030P	100.000	529	0	0	1	529	1	529	0.0	1102	100	M.Eco2648R1ORF19030P   AACNNNNNNGTGC  529 aa
contig_3_3688	M.EcoR3G40ORF22020P	100.000	529	0	0	1	529	1	529	0.0	1102	100	M.EcoR3G40ORF22020P   AACNNNNNNGTGC  529 aa
contig_3_3688	M.EcoR2G40ORF22020P	100.000	529	0	0	1	529	1	529	0.0	1102	100	M.EcoR2G40ORF22020P   AACNNNNNNGTGC  529 aa
contig_3_3688	M.EcoR1G40ORF22020P	100.000	529	0	0	1	529	1	529	0.0	1102	100	M.EcoR1G40ORF22020P   AACNNNNNNGTGC  529 aa
contig_3_3688	M.EcoR24IP	100.000	529	0	0	1	529	1	529	0.0	1102	100	M.EcoR24IP   AACNNNNNNGTGC  529 aa
contig_3_3688	M.EcoPJT13ORF18865P	100.000	529	0	0	1	529	1	529	0.0	1102	100	M.EcoPJT13ORF18865P   AACNNNNNNGTGC  529 aa
contig_3_3688	M.Eco20ORFCP	100.000	529	0	0	1	529	1	529	0.0	1102	100	M.Eco20ORFCP   AACNNNNNNGTGC  529 aa
contig_3_3688	M.Eco19213ORF19450P	100.000	529	0	0	1	529	1	529	0.0	1102	100	M.Eco19213ORF19450P   AACNNNNNNGTGC  529 aa
contig_3_3688	M.Eco18006ORF21285P	100.000	529	0	0	1	529	1	529	0.0	1102	100	M.Eco18006ORF21285P   AACNNNNNNGTGC  529 aa
contig_3_3688	M.Eco180061ORF6365P	100.000	529	0	0	1	529	1	529	0.0	1102	100	M.Eco180061ORF6365P   AACNNNNNNGTGC  529 aa
contig_3_3688	M.Eco180060ORF4475P	100.000	529	0	0	1	529	1	529	0.0	1102	100	M.Eco180060ORF4475P   AACNNNNNNGTGC  529 aa
contig_3_3688	M.Eco16002ORF21290P	100.000	529	0	0	1	529	1	529	0.0	1102	100	M.Eco16002ORF21290P   AACNNNNNNGTGC  529 aa
contig_3_3688	M.Eco700416ORF19060P	100.000	529	0	0	1	529	1	529	0.0	1102	100	M.Eco700416ORF19060P   AACNNNNNNGTGC  529 aa
contig_3_3688	M.Eco700415ORF20435P	100.000	529	0	0	1	529	1	529	0.0	1102	100	M.Eco700415ORF20435P   AACNNNNNNGTGC  529 aa
contig_3_3688	M.Eco11202ORF19425P	100.000	529	0	0	1	529	1	529	0.0	1102	100	M.Eco11202ORF19425P   AACNNNNNNGTGC  529 aa
contig_3_3688	M.Eco10798ORF12195P	100.000	529	0	0	1	529	1	529	0.0	1102	100	M.Eco10798ORF12195P   AACNNNNNNGTGC  529 aa
contig_3_3688	M.Eco180175ORF19425P	100.000	529	0	0	1	529	1	529	0.0	1102	100	M.Eco180175ORF19425P   AACNNNNNNGTGC  529 aa
